Title,Location,Department,Link
Senior Machine Learning Engineer (New Jersey-based),Remote - USA,Not specified,https://boards.greenhouse.io/zscaler/jobs/4660023007
Customer Success Engineer,Remote - Japan,Not specified,https://boards.greenhouse.io/zscaler/jobs/4544554007
Customer Success Engineer - WEST/CENTRAL,"Remote - California, USA",Not specified,https://boards.greenhouse.io/zscaler/jobs/4660622007
Customer Success Manager,Remote - Hong Kong,Not specified,https://boards.greenhouse.io/zscaler/jobs/4650052007
Customer Success Manager - East,"Remote - New York, USA",Not specified,https://boards.greenhouse.io/zscaler/jobs/4676877007
"Customer Success Manager, Spain",Remote - Spain,Not specified,https://boards.greenhouse.io/zscaler/jobs/4649114007
Senior Customer Success Manager - East,"Remote - New York, USA",Not specified,https://boards.greenhouse.io/zscaler/jobs/4627670007
Senior Customer Success Manager - West,"Remote - California, USA",Not specified,https://boards.greenhouse.io/zscaler/jobs/4613303007
"Senior Director, Customer Success","Tokyo, JPN",Not specified,https://boards.greenhouse.io/zscaler/jobs/4675890007
"Snr Customer Success Engineer, Germany",Remote - Germany,Not specified,https://boards.greenhouse.io/zscaler/jobs/4633959007
"Snr Technical Account Manager, UK",Remote - UK,Not specified,https://boards.greenhouse.io/zscaler/jobs/4640362007
Technical Account Manager,"Tokyo, JPN",Not specified,https://boards.greenhouse.io/zscaler/jobs/4658725007
Technical Account Manager -EMEA,"Bangalore, IND",Not specified,https://boards.greenhouse.io/zscaler/jobs/4652722007
Technical Account Manager -EMEA,"Pune, IND",Not specified,https://boards.greenhouse.io/zscaler/jobs/4676181007
"Technical Account Manager, UK",Remote - UK,Not specified,https://boards.greenhouse.io/zscaler/jobs/4630518007
Technical Account Manager-US,"Bangalore, IND",Not specified,https://boards.greenhouse.io/zscaler/jobs/4548321007
Technical Account Manager-US,"Mohali, IND",Not specified,https://boards.greenhouse.io/zscaler/jobs/4674235007
Technical Account Manager-US,"Mohali, IND",Not specified,https://boards.greenhouse.io/zscaler/jobs/4518817007
Communication Engagement & Design Program Manager,"Plano, Texas, USA",Not specified,https://boards.greenhouse.io/zscaler/jobs/4662173007
Senior Customer Success Operations Analyst,Remote - Costa Rica,Not specified,https://boards.greenhouse.io/zscaler/jobs/4661698007
Principal Professional Services Architect (Data Loss Prevention),Remote - India,Not specified,https://boards.greenhouse.io/zscaler/jobs/4677072007
Principal Professional Services Architect (Data Loss Prevention),Remote - UK,Not specified,https://boards.greenhouse.io/zscaler/jobs/4654764007
Principal Professional Services Architect (Data Loss Prevention),Remote - Germany,Not specified,https://boards.greenhouse.io/zscaler/jobs/4654774007
Professional Services Consultant,"Tokyo, JPN",Not specified,https://boards.greenhouse.io/zscaler/jobs/4658730007
Resident Engineer - Virginia,"Remote - Virginia, USA",Not specified,https://boards.greenhouse.io/zscaler/jobs/4658181007
Senior Professional Services Consultant,"Tokyo, JPN",Not specified,https://boards.greenhouse.io/zscaler/jobs/4658744007
Senior Professional Services Consultant,Remote - France,Not specified,https://boards.greenhouse.io/zscaler/jobs/4666434007
Senior Professional Services Consultant- America,"Bangalore, IND",Not specified,https://boards.greenhouse.io/zscaler/jobs/4637797007
Senior Professional Services Consultant - AMS,Remote - USA,Not specified,https://boards.greenhouse.io/zscaler/jobs/4653720007
Senior Professional Services Consultant – Data Protection Specialist,Remote - USA,Not specified,https://boards.greenhouse.io/zscaler/jobs/4645820007
Senior Professional Services Consultant - WEST,"Remote - California, USA",Not specified,https://boards.greenhouse.io/zscaler/jobs/4653698007
Customer Support Associate I,"Mohali, IND",Not specified,https://boards.greenhouse.io/zscaler/jobs/4652567007
Designated Support Engineer III,"Mohali, IND",Not specified,https://boards.greenhouse.io/zscaler/jobs/4683774007
Designated Support Engineer III,"Bangalore, IND",Not specified,https://boards.greenhouse.io/zscaler/jobs/4652573007
Designated Support Engineer III,"San Jose, CRI",Not specified,https://boards.greenhouse.io/zscaler/jobs/4619190007
Designated Support Engineer III,"Plano, Texas, USA",Not specified,https://boards.greenhouse.io/zscaler/jobs/4608856007
"Manager, Product Support","Tokyo, JPN",Not specified,https://boards.greenhouse.io/zscaler/jobs/4662203007
Product Support Engineer II,"Melbourne, AUS",Not specified,https://boards.greenhouse.io/zscaler/jobs/4522474007
Product Support Engineer III(Troubleshooting | Support | Networking | IPV6/HTTPS),"Bangalore, IND",Not specified,https://boards.greenhouse.io/zscaler/jobs/4520541007
Senior Product Support Engineer,"Tokyo, JPN",Not specified,https://boards.greenhouse.io/zscaler/jobs/4652491007
Senior Product Support Engineer,"Tokyo, JPN",Not specified,https://boards.greenhouse.io/zscaler/jobs/4663503007
Senior Product Support Engineer,"Tokyo, JPN",Not specified,https://boards.greenhouse.io/zscaler/jobs/4652485007
Senior Product Support Engineer,"Tokyo, JPN",Not specified,https://boards.greenhouse.io/zscaler/jobs/4652497007
Staff Business Systems Analyst,Remote - India,Not specified,https://boards.greenhouse.io/zscaler/jobs/4657370007
Staff Business Systems Analyst,Remote - India,Not specified,https://boards.greenhouse.io/zscaler/jobs/4657396007
Staff Product Support Engineer,"Tokyo, JPN",Not specified,https://boards.greenhouse.io/zscaler/jobs/4652469007
Staff Product Support Engineer,"Tokyo, JPN",Not specified,https://boards.greenhouse.io/zscaler/jobs/4663507007
Senior Software Engineer - Backend,"Hyderabad, IND",Not specified,https://boards.greenhouse.io/zscaler/jobs/4637689007
Senior Software Engineer - DevTest,"Hyderabad, IND",Not specified,https://boards.greenhouse.io/zscaler/jobs/4637728007
Senior Software Engineer - Full Stack,"Hyderabad, IND",Not specified,https://boards.greenhouse.io/zscaler/jobs/4637698007
Principal Software Development Engineer,Remote - Spain,Not specified,https://boards.greenhouse.io/zscaler/jobs/4632611007
"Principal Software Engineer - UI, React.js","San Jose, California, USA",Not specified,https://boards.greenhouse.io/zscaler/jobs/4657126007
Senior Backend Engineer (Java/Spring) - Avalor,"Ramat Gan, ISR",Not specified,https://boards.greenhouse.io/zscaler/jobs/4606145007
Senior Staff Machine Learning Engineer,"Bangalore, IND",Not specified,https://boards.greenhouse.io/zscaler/jobs/4674203007
Staff Network Engineer,Remote - Netherlands,Not specified,https://boards.greenhouse.io/zscaler/jobs/4612804007
"Senior Director, Global Material Handling","San Jose, California, USA",Not specified,https://boards.greenhouse.io/zscaler/jobs/4658267007
Senior Software Development Engineer - DevSecOps,"Bangalore, IND",Not specified,https://boards.greenhouse.io/zscaler/jobs/4614798007
Principal Machine Learning Engineer,"San Jose, California, USA",Not specified,https://boards.greenhouse.io/zscaler/jobs/4672811007
"Program Manager, Hardware Compliance (NIAP)",Remote - USA,Not specified,https://boards.greenhouse.io/zscaler/jobs/4611026007
Senior Backend Engineer (Java+ Python)- Avalor,"Ramat Gan, ISR",Not specified,https://boards.greenhouse.io/zscaler/jobs/4488577007
Senior Information Security Engineer - Customer Trust Program,"Bangalore, IND",Not specified,https://boards.greenhouse.io/zscaler/jobs/4602728007
Sr. Staff Machine Learning Engineer,"San Jose, California, USA",Not specified,https://boards.greenhouse.io/zscaler/jobs/4672801007
Staff Application Security Engineer (SAST/DAST/SCA),"Bangalore, IND",Not specified,https://boards.greenhouse.io/zscaler/jobs/4641430007
Staff Software Development Engineer (Backend),"Bangalore, IND",Not specified,https://boards.greenhouse.io/zscaler/jobs/4601693007
Staff Software Engineer - Golang,"San Jose, California, USA",Not specified,https://boards.greenhouse.io/zscaler/jobs/4624789007
Principal Software Engineer (API Team),"San Jose, California, USA",Not specified,https://boards.greenhouse.io/zscaler/jobs/4498256007
Principal Software Engineer (C coding/Networking),"San Jose, California, USA",Not specified,https://boards.greenhouse.io/zscaler/jobs/4622320007
Senior Manager(Java/GO | Distributed Systems | AWS),"Bangalore, IND",Not specified,https://boards.greenhouse.io/zscaler/jobs/4671903007
"Senior Software Development Manager - C, Linux, Distributed Systems","Bangalore, IND",Not specified,https://boards.greenhouse.io/zscaler/jobs/4582861007
Senior/Staff Software Engineer ( C| Networking | TCP/IP |Cloud Security),"Bangalore, IND",Not specified,https://boards.greenhouse.io/zscaler/jobs/4619471007
"Sr. Software Engineer (Windows, C++, C#)","San Jose, California, USA",Not specified,https://boards.greenhouse.io/zscaler/jobs/4663176007
Sr Staff /Principal Engineer(Java/GO | Distributed Systems | AWS),"Bangalore, IND",Not specified,https://boards.greenhouse.io/zscaler/jobs/4670525007
Sr Staff Software Development Engineer,"Bangalore, IND",Not specified,https://boards.greenhouse.io/zscaler/jobs/4681020007
Staff Software Development Engineer,"Bangalore, IND",Not specified,https://boards.greenhouse.io/zscaler/jobs/4678318007
Staff Software Development Engineer,"Bangalore, IND",Not specified,https://boards.greenhouse.io/zscaler/jobs/4670508007
Staff Software Development Engineer - iOS Developer,"Pune, IND",Not specified,https://boards.greenhouse.io/zscaler/jobs/4663695007
Sr. Staff Software Engineer (Datapath/Web Proxy),"San Jose, California, USA",Not specified,https://boards.greenhouse.io/zscaler/jobs/4404496007
Sr. Staff Software Engineer (ML),"San Jose, California, USA",Not specified,https://boards.greenhouse.io/zscaler/jobs/4643973007
Staff Software Engineer (ML),"San Jose, California, USA",Not specified,https://boards.greenhouse.io/zscaler/jobs/4644231007
Senior Staff Software Development Engineer - Dev Ops,"Bangalore, IND",Not specified,https://boards.greenhouse.io/zscaler/jobs/4644399007
Senior Staff Software Development Engineer Engineer - Test,"Bangalore, IND",Not specified,https://boards.greenhouse.io/zscaler/jobs/4644406007
Principal Engineer (ZDX Platform),"San Jose, California, USA",Not specified,https://boards.greenhouse.io/zscaler/jobs/4585534007
Senior ML Engineer (ZDX),"San Jose, California, USA",Not specified,https://boards.greenhouse.io/zscaler/jobs/4619172007
Senior Staff Engineer(GoLang/Java/Rust | AWS | Distributed Systems),"Bangalore, IND",Not specified,https://boards.greenhouse.io/zscaler/jobs/4675946007
Sr. Staff ML Engineer,"San Jose, California, USA",Not specified,https://boards.greenhouse.io/zscaler/jobs/4620429007
Sr. Staff Software Engineer (C coding / Control Plane),"San Jose, California, USA",Not specified,https://boards.greenhouse.io/zscaler/jobs/4653568007
Staff Software Development Engineer,"Bangalore, IND",Not specified,https://boards.greenhouse.io/zscaler/jobs/4625479007
"Senior Manager, Safety & Security","San Jose, California, USA",Not specified,https://boards.greenhouse.io/zscaler/jobs/4636003007
Assistant Manager - Fixed Assets,"Mohali, IND",Not specified,https://boards.greenhouse.io/zscaler/jobs/4667919007
"Assistant Manager, FP&A","Mohali, IND",Not specified,https://boards.greenhouse.io/zscaler/jobs/4625510007
"Deputy Manager, Datacenter accounting","Mohali, IND",Not specified,https://boards.greenhouse.io/zscaler/jobs/4679896007
"Deputy Manager, Finance Transformation","Bangalore, IND",Not specified,https://boards.greenhouse.io/zscaler/jobs/4657356007
"Deputy Manager, Finance Transformation","Mohali, IND",Not specified,https://boards.greenhouse.io/zscaler/jobs/4654150007
"Deputy Manager, Finance Transformation","Pune, IND",Not specified,https://boards.greenhouse.io/zscaler/jobs/4657357007
Deputy Manager - General Ledger,"Mohali, IND",Not specified,https://boards.greenhouse.io/zscaler/jobs/4663702007
Deputy Manager - India Indirect Tax,"Mohali, IND",Not specified,https://boards.greenhouse.io/zscaler/jobs/4664998007
"Deputy Manager, International Payroll","Mohali, IND",Not specified,https://boards.greenhouse.io/zscaler/jobs/4654090007
Deputy Manager- Record to Report Transformation,"Pune, IND",Not specified,https://boards.greenhouse.io/zscaler/jobs/4683760007
Deputy Manager- Record to Report Transformation,"Bangalore, IND",Not specified,https://boards.greenhouse.io/zscaler/jobs/4683758007
Deputy Manager- Record to Report Transformation,"Mohali, IND",Not specified,https://boards.greenhouse.io/zscaler/jobs/4658675007
"Financial Representative, AP","Mohali, IND",Not specified,https://boards.greenhouse.io/zscaler/jobs/4649987007
Financial Representative - Datacenter Accounting,"Mohali, IND",Not specified,https://boards.greenhouse.io/zscaler/jobs/4624485007
"Financial Representative, Expense Reimbursement","Mohali, IND",Not specified,https://boards.greenhouse.io/zscaler/jobs/4649974007
"Financial Representative, Order Processing","Mohali, IND",Not specified,https://boards.greenhouse.io/zscaler/jobs/4649993007
"Financial Representative, Travel & Operations","Mohali, IND",Not specified,https://boards.greenhouse.io/zscaler/jobs/4681028007
"Intern, International Payroll","Mohali, IND",Not specified,https://boards.greenhouse.io/zscaler/jobs/4675930007
Manager - International Payroll,"Mohali, IND",Not specified,https://boards.greenhouse.io/zscaler/jobs/4543517007
Manager - International Tax,Remote - India,Not specified,https://boards.greenhouse.io/zscaler/jobs/4665049007
"Manager, Mergers & Acquisitions & Technical Accounting","Mohali, IND",Not specified,https://boards.greenhouse.io/zscaler/jobs/4654667007
"Manager, Revenue Assurance","Mohali, IND",Not specified,https://boards.greenhouse.io/zscaler/jobs/4649912007
"Manager, Revenue Ops","Mohali, IND",Not specified,https://boards.greenhouse.io/zscaler/jobs/4516720007
"Senior Financial Analyst, FP&A","Mohali, IND",Not specified,https://boards.greenhouse.io/zscaler/jobs/4654051007
Senior Financial Representative - India Tax,"Mohali, IND",Not specified,https://boards.greenhouse.io/zscaler/jobs/4607455007
Senior Financial Representative - Indirect Tax,"Mohali, IND",Not specified,https://boards.greenhouse.io/zscaler/jobs/4665055007
"Senior Financial Representative, Order Processing","Mohali, IND",Not specified,https://boards.greenhouse.io/zscaler/jobs/4674443007
"Senior Financial Representative, Revenue Assurance","Mohali, IND",Not specified,https://boards.greenhouse.io/zscaler/jobs/4663678007
"Senior Financial Representative, Revenue Assurance","Mohali, IND",Not specified,https://boards.greenhouse.io/zscaler/jobs/4663670007
Senior Manager - Indirect Tax,Remote - India,Not specified,https://boards.greenhouse.io/zscaler/jobs/4665041007
"Senior Manager, Revenue Recognition","Mohali, IND",Not specified,https://boards.greenhouse.io/zscaler/jobs/4677027007
Tax Manager- India Tax,"Mohali, IND",Not specified,https://boards.greenhouse.io/zscaler/jobs/4506417007
Tax Manager- US,Remote - India,Not specified,https://boards.greenhouse.io/zscaler/jobs/4638991007
Senior Financial Representative- General Ledger,"Mohali, IND",Not specified,https://boards.greenhouse.io/zscaler/jobs/4625497007
"Senior Financial Representative, US GAAP","Mohali, IND",Not specified,https://boards.greenhouse.io/zscaler/jobs/4626854007
"Sr. Analyst, Marketing Strategy & Analytics","Bangalore, IND",Not specified,https://boards.greenhouse.io/zscaler/jobs/4657373007
Account-Based Marketing Program Manager,"Singapore, SGP",Not specified,https://boards.greenhouse.io/zscaler/jobs/4662400007
Sales Development Representative,Remote - Hong Kong,Not specified,https://boards.greenhouse.io/zscaler/jobs/4634030007
Sales Development Representative,"Singapore, SGP",Not specified,https://boards.greenhouse.io/zscaler/jobs/4640401007
Sales Development Representative,"Plano, Texas, USA",Not specified,https://boards.greenhouse.io/zscaler/jobs/4666710007
Sales Development Representative,"Bangalore, IND",Not specified,https://boards.greenhouse.io/zscaler/jobs/4682637007
Sales Development Representative,"Munich, DEU",Not specified,https://boards.greenhouse.io/zscaler/jobs/4672429007
Sales Development Representative - France,"Paris, FRA",Not specified,https://boards.greenhouse.io/zscaler/jobs/4671021007
Sales Development Representative MEA,"Paris, FRA",Not specified,https://boards.greenhouse.io/zscaler/jobs/4641833007
"Account Executive, Commercial - Chicago","Remote - Illinois, USA",Not specified,https://boards.greenhouse.io/zscaler/jobs/4682977007
"Account Executive, Commercial - New York City","Remote - New York, USA",Not specified,https://boards.greenhouse.io/zscaler/jobs/4682964007
"Account Executive, Commercial - Private Equity",USA - Update Location,Not specified,https://boards.greenhouse.io/zscaler/jobs/4673965007
"Account Executive, Commercial - Sacramento","Remote - California, USA",Not specified,https://boards.greenhouse.io/zscaler/jobs/4677679007
"Account Executive, Commercial - San Jose","Remote - California, USA",Not specified,https://boards.greenhouse.io/zscaler/jobs/4673343007
"Account Executive, Commercial - SMB South","Remote - Massachusetts, USA",Not specified,https://boards.greenhouse.io/zscaler/jobs/4671244007
"Account Executive, Enterprise","Remote - Quebec, Canada",Not specified,https://boards.greenhouse.io/zscaler/jobs/4681256007
"Account Executive, Enterprise - Bay Area","Remote - California, USA",Not specified,https://boards.greenhouse.io/zscaler/jobs/4672040007
"Account Executive, Enterprise - Maryland/Virginia","Remote - Maryland, USA",Not specified,https://boards.greenhouse.io/zscaler/jobs/4682878007
"Account Executive, Enterprise NYC","Remote - New York, USA",Not specified,https://boards.greenhouse.io/zscaler/jobs/4616662007
"Account Executive, Enterprise - PacNW","Remote - Washington, USA",Not specified,https://boards.greenhouse.io/zscaler/jobs/4646355007
"Account Executive, Enterprise - South FL","Remote - Florida, USA",Not specified,https://boards.greenhouse.io/zscaler/jobs/4641334007
"Account Executive, Majors - Cleveland","Remote - Ohio, USA",Not specified,https://boards.greenhouse.io/zscaler/jobs/4682987007
"Account Executive, Majors - Dallas","Remote - Texas, USA",Not specified,https://boards.greenhouse.io/zscaler/jobs/4665313007
"Account Executive, Majors - Michigan","Remote - Michigan, USA",Not specified,https://boards.greenhouse.io/zscaler/jobs/4669678007
"Account Executive, Majors -Mid- Atlantic","Remote - Virginia, USA",Not specified,https://boards.greenhouse.io/zscaler/jobs/4639926007
"Account Executive, Majors - Minnesota","Remote - Minnesota, USA",Not specified,https://boards.greenhouse.io/zscaler/jobs/4669813007
"Account Executive, Majors - Ohio Valley",Remote - USA,Not specified,https://boards.greenhouse.io/zscaler/jobs/4659066007
Administrative Business Partner,"San Jose, CRI",Not specified,https://boards.greenhouse.io/zscaler/jobs/4659780007
Commercial Sales Engineer,"Remote - Kansas, USA",Not specified,https://boards.greenhouse.io/zscaler/jobs/4685058007
Commercial Sales Engineer,"Remote - Washington, USA",Not specified,https://boards.greenhouse.io/zscaler/jobs/4684913007
Commercial Sales Engineer,"Remote - Illinois, USA",Not specified,https://boards.greenhouse.io/zscaler/jobs/4601402007
Commercial Sales Engineer,"Remote - Missouri, USA",Not specified,https://boards.greenhouse.io/zscaler/jobs/4685060007
Commercial Sales Engineer,"Remote - Colorado, USA",Not specified,https://boards.greenhouse.io/zscaler/jobs/4684580007
Commercial Sales Engineer,"Remote - Indiana, USA",Not specified,https://boards.greenhouse.io/zscaler/jobs/4685063007
"Senior Sales Engineer - Pacific Northwest, Major Accounts","Remote - Oregon, USA",Not specified,https://boards.greenhouse.io/zscaler/jobs/4685078007
"Senior Sales Engineer - Pacific Northwest, Major Accounts","Remote - Washington, USA",Not specified,https://boards.greenhouse.io/zscaler/jobs/4623930007
Transformation Architect - South East,"Remote - Florida, USA",Not specified,https://boards.greenhouse.io/zscaler/jobs/4683578007
Transformation Architect - South East,"Remote - North Carolina, USA",Not specified,https://boards.greenhouse.io/zscaler/jobs/4684899007
Transformation Architect - South East,"Remote - Georgia, USA",Not specified,https://boards.greenhouse.io/zscaler/jobs/4684900007
Account Executive,"Remote - Perth, Australia",Not specified,https://boards.greenhouse.io/zscaler/jobs/4674335007
"Account Executive, Commercial","Tokyo, JPN",Not specified,https://boards.greenhouse.io/zscaler/jobs/4645936007
Account Executive - Enterprise,"Mumbai, IND",Not specified,https://boards.greenhouse.io/zscaler/jobs/4634091007
Account Executive - Enterprise,Remote - South Korea,Not specified,https://boards.greenhouse.io/zscaler/jobs/4661598007
Account Executive - Enterprise,Remote - Thailand,Not specified,https://boards.greenhouse.io/zscaler/jobs/4658763007
Account Executive - Enterprise,Remote - Malaysia,Not specified,https://boards.greenhouse.io/zscaler/jobs/4658769007
Account Executive - Majors,Remote - Hong Kong,Not specified,https://boards.greenhouse.io/zscaler/jobs/4658643007
Account Executive - Majors,Remote - South Korea,Not specified,https://boards.greenhouse.io/zscaler/jobs/4661587007
Account Executive - Majors,Remote - India,Not specified,https://boards.greenhouse.io/zscaler/jobs/4591192007
"Account Executive, Majors","Tokyo, JPN",Not specified,https://boards.greenhouse.io/zscaler/jobs/4467163007
"Account Executive, Majors","Tokyo, JPN",Not specified,https://boards.greenhouse.io/zscaler/jobs/4545896007
"Account Executive, Majors","Tokyo, JPN",Not specified,https://boards.greenhouse.io/zscaler/jobs/4671978007
Account Executive - Majors (Public Sector),Remote - Malaysia,Not specified,https://boards.greenhouse.io/zscaler/jobs/4658739007
"Regional Director, Enterprise",Remote - Japan,Not specified,https://boards.greenhouse.io/zscaler/jobs/4467136007
Regional Sales Director- Emerging Growth Segment,"Singapore, SGP",Not specified,https://boards.greenhouse.io/zscaler/jobs/4657431007
Sales Engineer,"Tokyo, JPN",Not specified,https://boards.greenhouse.io/zscaler/jobs/4636516007
Sales Engineer,"Tokyo, JPN",Not specified,https://boards.greenhouse.io/zscaler/jobs/4592153007
Senior Sales Engineer,"Tokyo, JPN",Not specified,https://boards.greenhouse.io/zscaler/jobs/4592152007
Senior Sales Engineer,"Tokyo, JPN",Not specified,https://boards.greenhouse.io/zscaler/jobs/4595704007
"Senior Sales Engineer, Majors","Bangalore, IND",Not specified,https://boards.greenhouse.io/zscaler/jobs/4640259007
Senior Solutions Engineer - Government,"Melbourne, AUS",Not specified,https://boards.greenhouse.io/zscaler/jobs/4664974007
Account Executive,Remote - Finland,Not specified,https://boards.greenhouse.io/zscaler/jobs/4619447007
"Account Executive, Commercial, Germany","Munich, DEU",Not specified,https://boards.greenhouse.io/zscaler/jobs/4654411007
"Account Executive, Enterprise","London, GBR",Not specified,https://boards.greenhouse.io/zscaler/jobs/4648616007
"Account Executive, Enterprise",Remote - Germany,Not specified,https://boards.greenhouse.io/zscaler/jobs/4674378007
"Account Executive, Majors",Remote - Switzerland,Not specified,https://boards.greenhouse.io/zscaler/jobs/4663684007
"Account Executive, Majors",Remote - Germany,Not specified,https://boards.greenhouse.io/zscaler/jobs/4666404007
Account Executive - Public Sector,Remote - Germany,Not specified,https://boards.greenhouse.io/zscaler/jobs/4657459007
Commercial Sales Engineer - CEUR,Remote - Germany,Not specified,https://boards.greenhouse.io/zscaler/jobs/4512358007
Principal Sales Engineer,Remote - Belgium,Not specified,https://boards.greenhouse.io/zscaler/jobs/4352094007
"Regional Director, Sales",Remote - UK,Not specified,https://boards.greenhouse.io/zscaler/jobs/4640313007
"RVP, Sales",Remote - Spain,Not specified,https://boards.greenhouse.io/zscaler/jobs/4613652007
"Sales Engineer - Commercial SMB, UK",Remote - UK,Not specified,https://boards.greenhouse.io/zscaler/jobs/4672454007
Sales Engineer - Poland and Eastern Europe,Remote - Poland,Not specified,https://boards.greenhouse.io/zscaler/jobs/4660442007
Senior Sales Engineer - Major Accounts UK,Remote - UK,Not specified,https://boards.greenhouse.io/zscaler/jobs/4625603007
Account Executive - Commercial Federal - FSI,"McLean, Virginia, USA",Not specified,https://boards.greenhouse.io/zscaler/jobs/4653221007
Account Executive - Healthcare - Ohio,Remote - USA,Not specified,https://boards.greenhouse.io/zscaler/jobs/4660641007
Account Executive - Healthcare - SoCal,Remote - USA,Not specified,https://boards.greenhouse.io/zscaler/jobs/4607688007
Account Executive - Public Sector FSI,"Remote - Virginia, USA",Not specified,https://boards.greenhouse.io/zscaler/jobs/4674630007
Account Executive - SLED - NYC,"Remote - New York, USA",Not specified,https://boards.greenhouse.io/zscaler/jobs/4674672007
"Director, Technology Alliance Partners",Remote - USA,Not specified,https://boards.greenhouse.io/zscaler/jobs/4650961007
Global Alliance Manager - Cognizant - New Jersey/NYC,"Remote - New Jersey, USA",Not specified,https://boards.greenhouse.io/zscaler/jobs/4629172007
"Partner Business Manager, Distribution","Tokyo, JPN",Not specified,https://boards.greenhouse.io/zscaler/jobs/4577700007
"Partner Business Manager, Strategic","Tokyo, JPN",Not specified,https://boards.greenhouse.io/zscaler/jobs/4661182007
"Snr Partner Business Manager, Germany",Remote - Germany,Not specified,https://boards.greenhouse.io/zscaler/jobs/4543544007
"Snr Partner Business Manager, Sweden",Remote - Sweden,Not specified,https://boards.greenhouse.io/zscaler/jobs/4629099007
"Strategic Accounts & Pursuits Lead, Greater Asia","Singapore, SGP",Not specified,https://boards.greenhouse.io/zscaler/jobs/4665010007
Deal Desk Analyst,"Bangalore, IND",Not specified,https://boards.greenhouse.io/zscaler/jobs/4669247007
"Lead Analyst, Business Insights & Analytics","Bangalore, IND",Not specified,https://boards.greenhouse.io/zscaler/jobs/4602724007
Senior Sales Operations Manager,"Bangalore, IND",Not specified,https://boards.greenhouse.io/zscaler/jobs/4652584007
Transformation Architect,"Madrid, ESP",Not specified,https://boards.greenhouse.io/zscaler/jobs/4666670007
Principal Google Workspace Administrator,"Bangalore, IND",Not specified,https://boards.greenhouse.io/zscaler/jobs/4667913007
SaaS Application Engineer,"Bangalore, IND",Not specified,https://boards.greenhouse.io/zscaler/jobs/4667925007
Senior Network Engineer,"Mohali, IND",Not specified,https://boards.greenhouse.io/zscaler/jobs/4551657007
"Senior Software Engineer, QA","Bangalore, IND",Not specified,https://boards.greenhouse.io/zscaler/jobs/4626813007
Senior Systems Engineer,"Mohali, IND",Not specified,https://boards.greenhouse.io/zscaler/jobs/4668468007
Software Engineer - RPA Developer,"Bangalore, IND",Not specified,https://boards.greenhouse.io/zscaler/jobs/4666385007
Senior Business Systems Analyst-Marketing,"San Jose, California, USA",Not specified,https://boards.greenhouse.io/zscaler/jobs/4670416007
People Technology - AI Transformation Lead (HR),"San Jose, California, USA",Not specified,https://boards.greenhouse.io/zscaler/jobs/4652036007
Sr. Business Systems Analyst - Dayforce Payroll,"San Jose, California, USA",Not specified,https://boards.greenhouse.io/zscaler/jobs/4624721007
Staff BSA - ServiceNow,"San Jose, California, USA",Not specified,https://boards.greenhouse.io/zscaler/jobs/4673019007
Senior AI Product Manager,"San Jose, California, USA",Not specified,https://boards.greenhouse.io/zscaler/jobs/4671693007
Collaboration Solutions Manager,Remote - USA,Not specified,https://boards.greenhouse.io/zscaler/jobs/4677667007
"Manager, End User Engineering","San Jose, California, USA",Not specified,https://boards.greenhouse.io/zscaler/jobs/4669736007
Employment Legal Counsel,"San Jose, California, USA",Not specified,https://boards.greenhouse.io/zscaler/jobs/4581557007
Privacy Counsel,"San Jose, California, USA",Not specified,https://boards.greenhouse.io/zscaler/jobs/4637176007
AI Enablement Specialist,"San Jose, California, USA",Not specified,https://boards.greenhouse.io/zscaler/jobs/4663139007
Business Transformation Program Manager,"San Jose, CRI",Not specified,https://boards.greenhouse.io/zscaler/jobs/4664848007
HR Data Operations Manager,"San Jose, California, USA",Not specified,https://boards.greenhouse.io/zscaler/jobs/4551543007
Talent Research & Intelligence Manager,"San Jose, California, USA",Not specified,https://boards.greenhouse.io/zscaler/jobs/4638868007
Senior Compensation Partner - Engineering and Product,"San Jose, California, USA",Not specified,https://boards.greenhouse.io/zscaler/jobs/4655929007
Technical Writer,"Bangalore, IND",Not specified,https://boards.greenhouse.io/zscaler/jobs/4661107007
Account Executive - Data Protection,"Tokyo, JPN",Not specified,https://boards.greenhouse.io/zscaler/jobs/4581764007
Account Executive - Risk Management (Avalor),"Remote - Florida, USA",Not specified,https://boards.greenhouse.io/zscaler/jobs/4672066007
Account Executive - Risk Management (Avalor),"Bangalore, IND",Not specified,https://boards.greenhouse.io/zscaler/jobs/4589028007
Product Account Executive (Avalor),"Paris, FRA",Not specified,https://boards.greenhouse.io/zscaler/jobs/4599078007
"Product Sales Account Executive, Zero Trust Networking - West","Remote - California, USA",Not specified,https://boards.greenhouse.io/zscaler/jobs/4683465007
Education Operations Specialist,"Bangalore, IND",Not specified,https://boards.greenhouse.io/zscaler/jobs/4674175007
Principal Product Manager,"Bangalore, IND",Not specified,https://boards.greenhouse.io/zscaler/jobs/4657189007
Principal Product Manager-Federal,Remote - USA,Not specified,https://boards.greenhouse.io/zscaler/jobs/4507275007
Principal Product Specialist,"San Jose, California, USA",Not specified,https://boards.greenhouse.io/zscaler/jobs/4441207007
Senior Courseware Developer,"Bangalore, IND",Not specified,https://boards.greenhouse.io/zscaler/jobs/4674166007
Senior Learning Experience Designer,"Bangalore, IND",Not specified,https://boards.greenhouse.io/zscaler/jobs/4626769007
Senior Program Manager - Product Operations & New Product Introduction (NPI),Remote - USA,Not specified,https://boards.greenhouse.io/zscaler/jobs/4667196007
Senior Technical Learning Consultant,"San Jose, California, USA",Not specified,https://boards.greenhouse.io/zscaler/jobs/4674476007
Technical Training Design Manager,"Bangalore, IND",Not specified,https://boards.greenhouse.io/zscaler/jobs/4675850007
Product Account Executive (Avalor) - Benelux,Remote - Netherlands,Not specified,https://boards.greenhouse.io/zscaler/jobs/4583261007
Senior Product Marketing Manager - Risk Management,"San Jose, California, USA",Not specified,https://boards.greenhouse.io/zscaler/jobs/4482821007
Senior Sales Engineer - Continuous Threat Exposure Management,Remote - USA,Not specified,https://boards.greenhouse.io/zscaler/jobs/4684590007
Senior Sales Engineer - CTEM,"Remote - Ohio, USA",Not specified,https://boards.greenhouse.io/zscaler/jobs/4684613007
Senior Sales Engineer - CTEM,"Remote - Michigan, USA",Not specified,https://boards.greenhouse.io/zscaler/jobs/4684609007
Principal Threat Researcher,"Ramat Gan, ISR",Not specified,https://boards.greenhouse.io/zscaler/jobs/4673673007
