Title,Location,Link
Design Verification Engineer,"We are a global technology leader that designs, develops and supplies a broad range of semiconductor and infrastructure software solutions.",https://broadcom.wd1.myworkdayjobs.com/en-US/External_Career/job/USA-CA-San-Jose-Innovation-Drive/Design-Verification-Engineer_R022169?q=Design
Technical Support Engineer,"We are a global technology leader that designs, develops and supplies a broad range of semiconductor and infrastructure software solutions.",https://broadcom.wd1.myworkdayjobs.com/en-US/External_Career/job/USA-NV-Remote-Location/Technical-Support-Engineer_R021982-1?q=Design
Software Engineer,"We are a global technology leader that designs, develops and supplies a broad range of semiconductor and infrastructure software solutions.",https://broadcom.wd1.myworkdayjobs.com/en-US/External_Career/job/USA-CA---Promontory-C/Software-Engineer_R022406?q=Design
Software Engineer,"We are a global technology leader that designs, develops and supplies a broad range of semiconductor and infrastructure software solutions.",https://broadcom.wd1.myworkdayjobs.com/en-US/External_Career/job/USA-CA---Promontory-C/Software-Engineer_R022405?q=Design
Build Infrastructure Developer,"We are a global technology leader that designs, develops and supplies a broad range of semiconductor and infrastructure software solutions.",https://broadcom.wd1.myworkdayjobs.com/en-US/External_Career/job/USA-California-San-Jose-1320-Ridder-Park-Drive/Build-Infrastructure-Developer_R022396?q=Design
ASIC Implementation Engineer,"We are a global technology leader that designs, develops and supplies a broad range of semiconductor and infrastructure software solutions.",https://broadcom.wd1.myworkdayjobs.com/en-US/External_Career/job/USA-CA-San-Jose-Innovation-Drive/ASIC-Implementation-Engineer_R022412?q=Design
IC Design and Verification Engineer,"We are a global technology leader that designs, develops and supplies a broad range of semiconductor and infrastructure software solutions.",https://broadcom.wd1.myworkdayjobs.com/en-US/External_Career/job/USA-CO-Broomfield/IC-Design-and-Verification-Engineer_R022417?q=Design
ASIC Implementation Engineer,"We are a global technology leader that designs, develops and supplies a broad range of semiconductor and infrastructure software solutions.",https://broadcom.wd1.myworkdayjobs.com/en-US/External_Career/job/USA-CA-San-Jose-Innovation-Drive/ASIC-Implementation-Engineer_R022413?q=Design
ASIC Implementation Engineer,"We are a global technology leader that designs, develops and supplies a broad range of semiconductor and infrastructure software solutions.",https://broadcom.wd1.myworkdayjobs.com/en-US/External_Career/job/USA-CA-San-Jose-Innovation-Drive/ASIC-Implementation-Engineer_R022416?q=Design
ASIC Implementation Engineer,"We are a global technology leader that designs, develops and supplies a broad range of semiconductor and infrastructure software solutions.",https://broadcom.wd1.myworkdayjobs.com/en-US/External_Career/job/USA-CA-San-Jose-Innovation-Drive/ASIC-Implementation-Engineer_R022414?q=Design
R&D Softare Engineer,"We are a global technology leader that designs, develops and supplies a broad range of semiconductor and infrastructure software solutions.",https://broadcom.wd1.myworkdayjobs.com/en-US/External_Career/job/BGR-Sofia-Garitage-Park---Bldg-2/R-D-Softare-Engineer_R022420?q=Design
Systems Supply Chain Analyst,"We are a global technology leader that designs, develops and supplies a broad range of semiconductor and infrastructure software solutions.",https://broadcom.wd1.myworkdayjobs.com/en-US/External_Career/job/USA-Colorado-Fort-Collins-4380-Ziegler-Road/Systems-Supply-Chain-Analyst_R022392?q=Design
R&D Engineer Hardware,"We are a global technology leader that designs, develops and supplies a broad range of semiconductor and infrastructure software solutions.",https://broadcom.wd1.myworkdayjobs.com/en-US/External_Career/job/ISR-Tel-Aviv-University/R-D-Engineer-Hardware_R022337-1?q=Design
Senior DevOps Platform Engineer,"We are a global technology leader that designs, develops and supplies a broad range of semiconductor and infrastructure software solutions.",https://broadcom.wd1.myworkdayjobs.com/en-US/External_Career/job/USA-California-San-Jose-1320-Ridder-Park-Drive/Senior-DevOps-Platform-Engineer_R021293?q=Design
R&D Engineer-2,"We are a global technology leader that designs, develops and supplies a broad range of semiconductor and infrastructure software solutions.",https://broadcom.wd1.myworkdayjobs.com/en-US/External_Career/job/USA-Colorado-Colorado-Springs-4420-Arrowswest-Drive/R-D-Engineer-2_R022402?q=Design
Analog Mixed Signal Layout Designer,"We are a global technology leader that designs, develops and supplies a broad range of semiconductor and infrastructure software solutions.",https://broadcom.wd1.myworkdayjobs.com/en-US/External_Career/job/USA-CA-San-Jose-Plumeria-Drive/Analog-Mixed-Signal-Layout-Designer_R022324?q=Design
"Principal Engineer, Virtual Devices","We are a global technology leader that designs, develops and supplies a broad range of semiconductor and infrastructure software solutions.",https://broadcom.wd1.myworkdayjobs.com/en-US/External_Career/job/USA-CA---Promontory-B/Principal-Engineer--Virtual-Devices_R022375?q=Design
ESX Engineer,"We are a global technology leader that designs, develops and supplies a broad range of semiconductor and infrastructure software solutions.",https://broadcom.wd1.myworkdayjobs.com/en-US/External_Career/job/USA-CA---Promontory-B/ESX-Engineer_R022347?q=Design
Technical Support Engineer,"We are a global technology leader that designs, develops and supplies a broad range of semiconductor and infrastructure software solutions.",https://broadcom.wd1.myworkdayjobs.com/en-US/External_Career/job/USA-CO-Broomfield---Interlocken/Technical-Support-Engineer_R022391?q=Design
Technical Support Engineer,"We are a global technology leader that designs, develops and supplies a broad range of semiconductor and infrastructure software solutions.",https://broadcom.wd1.myworkdayjobs.com/en-US/External_Career/job/USA-CO-Broomfield---Interlocken/Technical-Support-Engineer_R022393-1?q=Design
R & D Engineer Software 5,"We are a global technology leader that designs, develops and supplies a broad range of semiconductor and infrastructure software solutions.",https://broadcom.wd1.myworkdayjobs.com/en-US/External_Career/job/USA-CA---Promontory-D/R---D-Engineer-Software-4_R022057?q=Design
DFT Engineer,"We are a global technology leader that designs, develops and supplies a broad range of semiconductor and infrastructure software solutions.",https://broadcom.wd1.myworkdayjobs.com/en-US/External_Career/job/USA-CA-San-Jose-Innovation-Drive/DFT-Engineer_R022370?q=Design
DFT Engineer,"We are a global technology leader that designs, develops and supplies a broad range of semiconductor and infrastructure software solutions.",https://broadcom.wd1.myworkdayjobs.com/en-US/External_Career/job/USA-CA-San-Jose-Innovation-Drive/DFT-Engineer_R022372?q=Design
System Signal/Power Integrity Engineer,"We are a global technology leader that designs, develops and supplies a broad range of semiconductor and infrastructure software solutions.",https://broadcom.wd1.myworkdayjobs.com/en-US/External_Career/job/USA-CA-San-Jose-Innovation-Drive/System-Signal-Power-Integrity-Engineer_R022340?q=Design
Fab Test Engineer,"We are a global technology leader that designs, develops and supplies a broad range of semiconductor and infrastructure software solutions.",https://broadcom.wd1.myworkdayjobs.com/en-US/External_Career/job/USA-Colorado-Fort-Collins-4380-Ziegler-Road/Principal-Fab-Test-Engineer_R021925?q=Design
Senior Engineer - PNR/STA,"We are a global technology leader that designs, develops and supplies a broad range of semiconductor and infrastructure software solutions.",https://broadcom.wd1.myworkdayjobs.com/en-US/External_Career/job/Singapore-Yishun/Senior-Engineer---PNR-STA_R022382?q=Design
Memory Circuit Design Engineer,"We are a global technology leader that designs, develops and supplies a broad range of semiconductor and infrastructure software solutions.",https://broadcom.wd1.myworkdayjobs.com/en-US/External_Career/job/USA-CA-Irvine-Alton-Parkway-Bldg-1/Memory-Circuit-Design-Engineer_R022401?q=Design
Photolithography Equipment and Process Engineer,"We are a global technology leader that designs, develops and supplies a broad range of semiconductor and infrastructure software solutions.",https://broadcom.wd1.myworkdayjobs.com/en-US/External_Career/job/USA-Colorado-Fort-Collins-4380-Ziegler-Road/Photolithography-Equipment-and-Process-Engineer_R021776-2?q=Design
Principal Engineer - IDS Engineer (C/C++),"We are a global technology leader that designs, develops and supplies a broad range of semiconductor and infrastructure software solutions.",https://broadcom.wd1.myworkdayjobs.com/en-US/External_Career/job/GBR--London-SO-Cross-Street/Principal-Engineer---IDS-Engineer--C-C---_R022385?q=Design
Staff SRAM Design Engineer,"We are a global technology leader that designs, develops and supplies a broad range of semiconductor and infrastructure software solutions.",https://broadcom.wd1.myworkdayjobs.com/en-US/External_Career/job/IND-Bangalore-Electronic-City-S2/Staff-SRAM-Design-Engineer_R022381?q=Design
Senior Engineer- PNR/STA,"We are a global technology leader that designs, develops and supplies a broad range of semiconductor and infrastructure software solutions.",https://broadcom.wd1.myworkdayjobs.com/en-US/External_Career/job/Singapore-Yishun/Senior-Engineer--PNR-STA_R022384?q=Design
Senior Engineer- PNR/STA,"We are a global technology leader that designs, develops and supplies a broad range of semiconductor and infrastructure software solutions.",https://broadcom.wd1.myworkdayjobs.com/en-US/External_Career/job/Singapore-Yishun/Senior-Engineer--PNR-STA_R022383?q=Design
Product Line Manager,"We are a global technology leader that designs, develops and supplies a broad range of semiconductor and infrastructure software solutions.",https://broadcom.wd1.myworkdayjobs.com/en-US/External_Career/job/Malaysia-Jitra-Remote-Location/Product-Line-Manager_R020635?q=Design
SOI RFIC Designer,"We are a global technology leader that designs, develops and supplies a broad range of semiconductor and infrastructure software solutions.",https://broadcom.wd1.myworkdayjobs.com/en-US/External_Career/job/USA-California--San-Jose---1730-Fox-Drive/SOI-RFIC-Designer_R021915?q=Design
DFT Design Automation Engineer,"We are a global technology leader that designs, develops and supplies a broad range of semiconductor and infrastructure software solutions.",https://broadcom.wd1.myworkdayjobs.com/en-US/External_Career/job/USA-Colorado-Fort-Collins-4380-Ziegler-Road/DFT-Design-Automation-Engineer_R022339?q=Design
PCIe/CXL Product Applications Engineer,"We are a global technology leader that designs, develops and supplies a broad range of semiconductor and infrastructure software solutions.",https://broadcom.wd1.myworkdayjobs.com/en-US/External_Career/job/USA-CA-San-Jose-Innovation-Drive/PCIe-CXL-Product-Applications-Engineer_R022386?q=Design
LED Sales,"We are a global technology leader that designs, develops and supplies a broad range of semiconductor and infrastructure software solutions.",https://broadcom.wd1.myworkdayjobs.com/en-US/External_Career/job/JPN-Tokyo-Tamachi-Station/LED-Sales_R022336-5?q=Design
Technical Adoption Manager – Application Networking & Security,"We are a global technology leader that designs, develops and supplies a broad range of semiconductor and infrastructure software solutions.",https://broadcom.wd1.myworkdayjobs.com/en-US/External_Career/job/USA---Colorado---Remote-location/Technical-Adoption-Manager---Application-Networking---Security_R022359-1?q=Design
Technical Adoption Manager – Application Networking & Security,"We are a global technology leader that designs, develops and supplies a broad range of semiconductor and infrastructure software solutions.",https://broadcom.wd1.myworkdayjobs.com/en-US/External_Career/job/USA-OH-Remote-Location/Technical-Adoption-Manager---Application-Networking---Security_R022360?q=Design
SCT Installation Technician,"We are a global technology leader that designs, develops and supplies a broad range of semiconductor and infrastructure software solutions.",https://broadcom.wd1.myworkdayjobs.com/en-US/External_Career/job/USA-Colorado-Fort-Collins-4380-Ziegler-Road/SCT-Installation-Technician_R022333?q=Design
